-- phpMyAdmin SQL Dump
-- version 4.9.0.1
-- https://www.phpmyadmin.net/
--
-- Máy chủ: 127.0.0.1
-- Thời gian đã tạo: Th8 15, 2019 lúc 12:14 PM
-- Phiên bản máy phục vụ: 10.3.16-MariaDB
-- Phiên bản PHP: 7.3.6

SET SQL_MODE = "NO_AUTO_VALUE_ON_ZERO";
SET AUTOCOMMIT = 0;
START TRANSACTION;
SET time_zone = "+00:00";


/*!40101 SET @OLD_CHARACTER_SET_CLIENT=@@CHARACTER_SET_CLIENT */;
/*!40101 SET @OLD_CHARACTER_SET_RESULTS=@@CHARACTER_SET_RESULTS */;
/*!40101 SET @OLD_COLLATION_CONNECTION=@@COLLATION_CONNECTION */;
/*!40101 SET NAMES utf8mb4 */;

--
-- Cơ sở dữ liệu: `shop_quan_ao`
--

-- --------------------------------------------------------

--
-- Cấu trúc bảng cho bảng `tbl_category`
--

CREATE TABLE `tbl_category` (
  `category_id` int(11) NOT NULL,
  `name` varchar(500) NOT NULL
) ENGINE=InnoDB DEFAULT CHARSET=utf8;

--
-- Đang đổ dữ liệu cho bảng `tbl_category`
--

INSERT INTO `tbl_category` (`category_id`, `name`) VALUES
(1, 'Áo'),
(2, 'Quần'),
(3, 'Chân váy'),
(4, 'Đầm'),
(5, 'Sản phẩm mới'),
(6, 'Sản phẩm nổi bật');

-- --------------------------------------------------------

--
-- Cấu trúc bảng cho bảng `tbl_news`
--

CREATE TABLE `tbl_news` (
  `id` int(11) NOT NULL,
  `name` varchar(500) NOT NULL,
  `category_id` int(11) NOT NULL,
  `description` text NOT NULL,
  `content` text NOT NULL,
  `hotnews` int(1) NOT NULL,
  `img` varchar(500) NOT NULL
) ENGINE=InnoDB DEFAULT CHARSET=utf8;

--
-- Đang đổ dữ liệu cho bảng `tbl_news`
--

INSERT INTO `tbl_news` (`id`, `name`, `category_id`, `description`, `content`, `hotnews`, `img`) VALUES
(1, 'Gợi ý trang phục cho nàng để có một bộ ảnh pre-wedding thật đẹp', 3, '		Cùng với việc nắm bắt xu thế hiện đại và tính tinh tế của trang phục, BESTORE FASHION có những gợi ý trong bộ sưu tập Elegant White Dress No.5 dành cho các cô dâu một số mẫu trang phục phù hợp, góp phần giúp bộ ảnh cưới trở nên hoàn hảo hơn.\r\n		\r\n					', '						Cùng với việc nắm bắt xu thế hiện đại và tính tinh tế của trang phục, BESTORE FASHION có những gợi ý trong bộ sưu tập Elegant White Dress No.5 dành cho các cô dâu một số mẫu trang phục phù hợp, góp phần giúp bộ ảnh cưới trở nên hoàn hảo hơn.\r\n					', 1, '1565684680_home_store_product18-400x500.jpg'),
(2, 'Váy cưới ấn tượng với phong cách mới', 3, '		Bộ sưu tập \'Dear Lily\' từ BESTORE mang đến sự mới mẻ trong trang phục cưới, nhẹ nhàng nhưng không kém phần sang trọng, quyến rũ.\r\n		\r\n					', '						\r\nĐường cong thắt lưng của phụ nữ được giới mộ điệu thời trang tôn vinh là quyến rũ nhất. Vì thế, nhiều tác phẩm nghệ thuật cũng như ý tưởng thiết kế từ đường cong này ra đời. Các nhà thiết kế của POXI không bỏ qua những mẫu váy hở lưng, khoét eo để lộ nét gợi cảm này.\r\nĐường cong thắt lưng của phụ nữ được giới mộ điệu thời trang tôn vinh là quyến rũ nhất. Vì thế, nhiều tác phẩm nghệ thuật cũng như ý tưởng thiết kế từ đường cong này ra đời. Các nhà thiết kế của POXI không bỏ qua những mẫu váy hở lưng, khoét eo để lộ nét gợi cảm này.					', 1, '1565684666_home_store_product4-800x1000.jpg'),
(3, 'Lộ cấu hình chi tiết Galaxy Note10, sở hữu bộ nhớ RAM lên đến 12GB', 3, '		<p>(Dân trí) - Thông tin chi tiết về cấu hình của Galaxy Note10 vừa bị rò rỉ, cho thấy sản phẩm sẽ có đến 4 phiên bản khác nhau, trong đó phiên bản cao cấp nhất sẽ sở hữu bộ nhớ RAM lên đến 12GB.</p>\r\n		\r\n					', '						<p>Samsung vẫn có thói quen nâng cấp cấu hình cho các mẫu smartphone cao cấp của mình, do vậy không quá ngạc nhiên khi chiếc smartphone Galaxy Note10 sắp ra mắt của hãng cũng sẽ được trang bị một cấu hình mạnh mẽ.</p>\r\n\r\n<p>Theo thông tin vừa bị rò rỉ trên Geekbench, ứng dụng chuyên được sử dụng để chấm điểm hiệu suất hoạt động của smartphone chạy Andorid thì Samsung vừa sử dụng Geekbench để chấm điểm một mẫu smartphone mới của hãng, mà nhiều khả năng đây chính là Galaxy Note10.</p>\r\n\r\n<p>Thông tin từ Geekbench cho thấy Galaxy Note10 sẽ có đến 4 phiên bản khác nhau, mang tên mã lần lượt SM-N970, SM-N971, SM-N975 và SM-N976. Theo trang công nghệ <em>SamMobile</em>, dẫn lời các nguồn tin thân cận từ Samsung thì bộ đôi SM-N971 và SM-N976 là tên mã cho 2 phiên bản cao cấp Galaxy Note10+ (hoặc Galaxy Note10 Pro), trong khi đó 2 sản phẩm mang tên mã SM-N970 và SM-N975 sẽ là tên mã cho 2 phiên bản Galaxy Note10. Trong đó sẽ có 2 phiên bản sử dụng chip Snapdragon của Qualcomm (dành cho thị trường Mỹ) và 2 phiên bản sử dụng chip Exynos do Samsung phát triển (dành cho các thị trường khác).</p>\r\n\r\n<p><img alt=\"Lộ cấu hình chi tiết Galaxy Note10, sở hữu bộ nhớ RAM lên đến 12GB - 1\" src=\"https://icdn.dantri.com.vn/thumb_w/640/2019/06/05/galaxy-note-101-1559704203883.jpg\" title=\"Lộ cấu hình chi tiết Galaxy Note10, sở hữu bộ nhớ RAM lên đến 12GB - 1\" /></p>\r\n\r\n<p>Thông tin cấu hình phiên bản SM-N976V với bộ nhớ RAM 12GB</p>\r\n\r\n<p>Từ thông tin trên ứng dụng Geekbench cho thấy phiên bản mang tên mã SM-N976V sẽ được trang bị bộ nhớ RAM lên đến 12GB, kèm theo bộ vi xử lý 8 lõi của Qualcomm, mà nhiều khả năng sẽ là phiên bản Snapdragon 855 cao cấp nhất của Qualcomm. Điểm hiệu suất của vi xử lý trên phiên bản này cũng vượt trội so với các mẫu smartphone khác hiện nay trên thị trường như Galaxy S10+, Huawei Mate 20 Pro...</p>\r\n\r\n<p>Bên cạnh đó, phiên bản khác mang tên mã SM-N976B lại được trang bị bộ nhớ RAM “chỉ” 8GB, đi kèm bộ vi xử lý nhiều khả năng là Exynos 9825 với 8 lõi. Điểm hiệu suất của bộ vi xử lý này không thực sự ấn tượng và thua kém khá nhiều so với phiên bản mang tên mã SM-N976V.</p>\r\n\r\n<p><img alt=\"Lộ cấu hình chi tiết Galaxy Note10, sở hữu bộ nhớ RAM lên đến 12GB - 2\" src=\"https://icdn.dantri.com.vn/thumb_w/640/2019/06/05/galaxy-note-102-1559704203954.jpg\" title=\"Lộ cấu hình chi tiết Galaxy Note10, sở hữu bộ nhớ RAM lên đến 12GB - 2\" /></p>\r\n\r\n<p>Phiên bản mang tên mã SM-N976B sở hữu bộ nhớ RAM 8GB</p>\r\n\r\n<p>Trước đó, tờ báo <em>TheBell</em> (Hàn Quốc), dẫn lời nguồn tin từ một đối tác lắp ráp sản phẩm cho Samsung, tiết lộ Galaxy Note10 sẽ là phiên bản Galaxy Note đầu tiên mà Samsung cho ra mắt đến 2 biến thể khác nhau, với tên gọi lần lượt là Galaxy Note10 và Galaxy Note10+ (tương tự như tên gọi của dòng Galaxy S).</p>\r\n\r\n<p>Samsung thường vẫn chỉ ra mắt một phiên bản Galaxy Note với tùy chọn khác nhau về bộ nhớ RAM và bộ nhớ lưu trữ, tuy nhiên với Galaxy Note10 sẽ là 2 phiên bản khác biệt về tên gọi, cấu hình cũng như kích thước.</p>\r\n\r\n<p>Nguồn tin kể trên cho biết sự khác biệt lớn nhất giữa 2 phiên bản này đó là Galaxy Note10 sẽ sở hữu màn hình 6,4-inch, còn phiên bản Galaxy Note10+ sẽ có kích thước lớn hơn với màn hình 6,7-inch. Cấu hình bên trong của 2 sản phẩm cũng có sự khác biệt khi Galaxy Note10 nhiều khả năng sẽ được trang bị chip xử lý Exynos 9820 (tương tự như trên Galaxy S10), nhưng phiên bản Galaxy Note10+ sẽ sở hữu chip xử lý Exynos 9825, là phiên bản biến thể của Exynos 9820 cho hiệu suất nhỉnh hơn và tiết kiệm năng lượng hơn.</p>\r\n\r\n<p>Nếu vẫn giữ truyền thống ra mắt như các phiên bản Galaxy Note gần đây thì Samsung sẽ giới thiệu chiếc smartphone cao cấp thế hệ mới của mình vào tháng 8 tới đây.</p>\r\n\r\n<p><strong>T.Thủy</strong></p>\r\n					', 1, '1565684657_home_store_product2-180x180.jpg'),
(4, 'Bỏ ra 5.000 USD để mua màn hình máy tính Apple nhưng vẫn chưa đủ', 3, '		<p>(Dân trí) - Apple đã giới thiệu màn hình máy tính Pro Display XDR tại Hội nghị Các nhà phát triển Thế giới (WWDC) đang diễn ra, với mức giá bán lên đến 5.000USD, cùng những tính năng nổi bật. Tuy nhiên, điểm đáng chú ý nhất của màn hình này đó là không có sẵn... chân đế và muốn sử dụng, người dùng sẽ phải mua thêm giá đỡ cho sản phẩm với giá 999USD.</p>\r\n		\r\n					', '						<p>Tại WWDC đang diễn ra, CEO Tim Cook của Apple đã giới thiệu chiếc máy tính Mac Pro thế hệ mới nhất của Apple, với cấu hình cực “khủng”, bao gồm bộ xử lý Intel Xeon thế hệ mới có tới 28 lõi, bộ nhớ RAM lên đến 1,5TB cùng công suất lên tới 300W và sở hữu hệ thống tản nhiệt công nghiệp mạnh mẽ. Điều này cho phép nó có thể chạy không giới hạn ở công suất tối đa trong mọi lúc.</p>\r\n\r\n<p>Dĩ nhiên, đi kèm cấu hình mạnh mẽ này là một mức giá không hề rẻ chút nào, khi Mac Pro có mức giá lên đến 5.999USD (140,3 triệu đồng).</p>\r\n\r\n<p><img alt=\"Bỏ ra 5.000 USD để mua màn hình máy tính Apple nhưng vẫn chưa đủ - 1\" src=\"https://icdn.dantri.com.vn/thumb_w/640/2019/06/05/pro-standav-1559707307402.jpg\" title=\"Bỏ ra 5.000 USD để mua màn hình máy tính Apple nhưng vẫn chưa đủ - 1\" /></p>\r\n\r\n<p>Màn hình máy tính Pro Display XDR có giá 4.999USD, chưa bao gồm giá chân đế</p>\r\n\r\n<p>Mức giá 5.999USD chỉ là mức giá chiếc máy tính Mac Pro, nghĩa là muốn sử dụng sản phẩm, người dùng cần phải mua thêm màn hình cho chiếc máy tính này. Và Apple cũng đã giới thiệu thêm màn hình đi kèm với tên gọi Pro Display XDR. Sản phẩm có kích thước 32-inch, độ phân giải 6K, hỗ trợ dải màu 10-bit thực sự, độ sáng cực đại 1.600 nit, tỷ lệ tương phản 1.000.000:1, góc nhìn siêu rộng... Sản phẩm cũng có mức giá bán không hề rẻ, lên đến 4.999USD (tương đương 116 triệu đồng).</p>\r\n\r\n<p><img alt=\"Bỏ ra 5.000 USD để mua màn hình máy tính Apple nhưng vẫn chưa đủ - 2\" src=\"https://icdn.dantri.com.vn/thumb_w/640/2019/06/05/pro-stand-1-1559707306443.jpg\" title=\"Bỏ ra 5.000 USD để mua màn hình máy tính Apple nhưng vẫn chưa đủ - 2\" /></p>\r\n\r\n<p>Phần chân đế dành cho màn hình máy tính của Apple được bán riêng với giá... 999USD</p>\r\n\r\n<p>Tuy nhiên, điều đáng nói là màn hình có giá cực “chát” này lại không được bán kèm... chân đế. Nghĩa là muốn sử dụng sản phẩm, người dùng sẽ sử dụng... vật gì đó để kê màn hình lên, hoặc phải bỏ ra để mua thêm phụ kiện chân đế hoặc giá treo cho màn hình này được Apple bán riêng.</p>\r\n\r\n<p>Người dùng có thể bỏ ra số tiền... 999USD (tương đương 23 triệu đồng) để mua phần chân đế có tên Pro Stand cho màn hình sản phẩm, hoặc số tiền 199USD (4,6 triệu đồng) để mua phần móc treo có tên VESA để gắn màn hình lên tường hoặc giá treo.</p>\r\n\r\n<p>Với phần chân đế Pro Stand, người dùng có thể dễ dàng điều chỉnh độ cao của màn hình hoặc xoay màn hình theo chiều dọc.</p>\r\n\r\n<p><img alt=\"Bỏ ra 5.000 USD để mua màn hình máy tính Apple nhưng vẫn chưa đủ - 3\" src=\"https://icdn.dantri.com.vn/thumb_w/640/2019/06/05/pro-stand-2-1559707313331.gif\" title=\"Bỏ ra 5.000 USD để mua màn hình máy tính Apple nhưng vẫn chưa đủ - 3\" /></p>\r\n\r\n<p>Phần chân đế này giúp màn hình của Apple có thể xoay theo chiều dọc</p>\r\n\r\n<p>Dĩ nhiên số tiền 999USD cho một phần chân đế màn hình là số tiền không hề nhỏ. Với số tiền này, người dùng vẫn hoàn toàn có thể mua được một màn hình máy tính chất lượng cao đến từ những hãng công nghệ khác. Và để sử có thể sở hữu một chiếc máy tính Mac Pro hoàn chỉnh (bao gồm cả máy, màn hình và... chân đế), người dùng sẽ phải bỏ ra số tiền tổng cộng 11.997USD (chưa bao gồm thuế), một con số không hề nhỏ cho một bộ máy tính để bàn.</p>\r\n\r\n<p>Ngay sau khi giới thiệu chân đế Pro Stand với mức giá “điên rồ”, Apple đã lập tức trở thành chủ đề châm biếm của giới công nghệ. Nhiều người đã không ngần ngại chỉ trích Apple “hút máu” người dùng một cách thái quá, khi biến một vật dụng thường chừng như không thể thiếu của một màn hình máy tính (phần chân đế) trở thành một thứ có thể kiếm ra tiền.</p>\r\n\r\n<p>Volume 90%</p>\r\n\r\n<p>Phát</p>\r\n\r\n<p> </p>\r\n\r\n<p> </p>\r\n\r\n<p>Video giới thiệu về Mac Pro, màn hình Pro Display XDR và chân đế Pro Stand của Apple</p>\r\n\r\n<p><strong>T.Thủy</strong></p>\r\n					', 1, '1565684647_home_store_product1-800x1000.jpg'),
(5, 'Loạt smartphone giảm giá đáng chú ý đầu tháng ', 2, '		<p>(Dân trí) - Tháng 6 cũng khá sôi động cho thị trường di động trong nước với sự xuất hiện của một số mẫu sản phẩm mới cũng như việc điều chỉnh giá bán của các sản phẩm cũ trước đó.</p>\r\n		\r\n					', '						<p><strong>Samsung Galaxy A9 2018</strong></p>\r\n\r\n<p><em>Giá: 9,5 triệu đồng</em></p>\r\n\r\n<p><em>Đã giảm: 3 triệu đồng</em></p>\r\n\r\n<p><img alt=\"Loạt smartphone giảm giá đáng chú ý đầu tháng 6/2019 - 1\" src=\"https://icdn.dantri.com.vn/thumb_w/640/2019/06/05/loat-thiet-bi-giam-gia-dang-chu-y-dau-thang-6-docx-1559697813651.jpeg\" title=\"Loạt smartphone giảm giá đáng chú ý đầu tháng 6/2019 - 1\" /></p>\r\n\r\n<p>Mẫu smartphone đầu tiên trên thế giới sở hữu hệ thống 4 camera ở mặt sau lưng của Samsung đã có mức giảm khá tốt ngay đầu tháng 6 về mức 9,5 triệu đồng. </p>\r\n\r\n<p>Điểm nhấn của Galaxy A9 đó là bốn ống kính ở cụm camera sau với lần lượt một camera chính độ phân giải 24 MP, tự động lấy nét và khẩu độ lớn f/1.7. Ống kính thứ hai là ống tele với khả năng zoom quang học x2. Ống thứ 3 có độ phân giải 8 MP, khẩu độ F/2.4 cũng không kém phần hấp dẫn và hãng gọi nó là camera siêu rộng (Ultra Wide), có góc rộng như mắt người nhìn lên đến 120 độ.</p>\r\n\r\n<p>Và camera cuối cùng là camera depth độ phân giải 5 MP, khẩu độ f/2.2, cho phép tự do tùy chỉnh độ sâu trường ảnh và lấy nét trên vật thể để cho ra những bức ảnh xóa phông.</p>\r\n\r\n<p><strong>Oppo R17 Pro</strong></p>\r\n\r\n<p><em>Giá: 13,9 triệu đồng </em></p>\r\n\r\n<p><img alt=\"Loạt smartphone giảm giá đáng chú ý đầu tháng 6/2019 - 2\" src=\"https://icdn.dantri.com.vn/thumb_w/640/2019/06/05/loat-thiet-bi-giam-gia-dang-chu-y-dau-thang-6-docx-1559697813816.jpeg\" title=\"Loạt smartphone giảm giá đáng chú ý đầu tháng 6/2019 - 2\" /></p>\r\n\r\n<p>Với mức giảm 3 triệu đồng, đây là sản phẩm đáng mua khi người dùng cần một chiếc máy ảnh di động để chụp ảnh.  </p>\r\n\r\n<p>Dòng sản phẩm này tạo điểm nhấn với hệ thống camera chính 20 MP khẩu f/2.6 đảm nhận chức năng xóa phông, camera phụ 12 MP và một camera phụ khác 12 MP với khẩu độ có thể tự động điều chỉnh trong khoảng f/1.5 - f/2.4; cho phép chụp ảnh thiếu sáng tốt hơn đáng kể. </p>\r\n\r\n<p>Hệ thống camera này còn có thêm chống rung quang học OIS, chống là mờ, nhòe ảnh và cho khả năng phơi sáng lâu hơn. </p>\r\n\r\n<p>Camera trước của máy độ phân giải khá cao 25MP, trang bị cảm biến Sony IMX576, khẩu độ f/2.0 và hỗ trợ tính năng HDR thời gian thực (real-time HDR).</p>\r\n\r\n<p>Ngoài ra, Oppo R17 còn gây chú ý với sạc siêu nhanh SuperVOOC, có thể sạc 10 phút có ngay 40% pin. </p>\r\n\r\n<p><strong>iPhone XR 64 GB</strong></p>\r\n\r\n<p><em>Giá: 17,9 triệu đồng</em></p>\r\n\r\n<p><em>Đã giảm: 2 triệu đồng</em></p>\r\n\r\n<p><img alt=\"Loạt smartphone giảm giá đáng chú ý đầu tháng 6/2019 - 3\" src=\"https://icdn.dantri.com.vn/thumb_w/640/2019/06/05/loat-thiet-bi-giam-gia-dang-chu-y-dau-thang-6-docx-1559697813946.jpeg\" title=\"Loạt smartphone giảm giá đáng chú ý đầu tháng 6/2019 - 3\" /></p>\r\n\r\n<p>Sau khi giảm 3 triệu đồng, thế hệ iPhone mới nhất của Apple cũng giảm sốc thêm 1 triệu đồng. Đây được xem là lần giảm giá chưa từng có tiền lệ đối với các mẫu sản phẩm đến từ Apple. </p>\r\n\r\n<p>iPhone XR năm nay gây chú ý với con chip A12 Bionic - bộ vi xử lý di động mạnh mẽ nhất hiện nay của Apple được xây dựng trên tiến trình 7nm và trang bị 6 lõi xử lý. iPhone XR cũng được ưu ái trang bị mở khóa bằng gương mặt Face ID thế hệ mới với tốc độ phản hồi nhanh hơn so với iPhone X. </p>\r\n\r\n<p>Ngoài ra, iPhone XR dùng màn hình công nghệ LCD kích thước 6,1 inch, camera chính máy có độ phân giải 12 MP với khẩu độ f/1.8, được trang bị cảm biến hoàn toàn mới, hỗ trợ chụp ảnh Smart HDR…</p>\r\n\r\n<p><strong>iPhone 8 Plus 64 GB</strong></p>\r\n\r\n<p><em>Giá: 18,9 triệu đồng</em></p>\r\n\r\n<p><em>Đã giảm: 1 triệu đồng</em></p>\r\n\r\n<p><img alt=\"Loạt smartphone giảm giá đáng chú ý đầu tháng 6/2019 - 4\" src=\"https://icdn.dantri.com.vn/thumb_w/640/2019/06/05/loat-thiet-bi-giam-gia-dang-chu-y-dau-thang-6-docx-1559697814063.jpeg\" title=\"Loạt smartphone giảm giá đáng chú ý đầu tháng 6/2019 - 4\" /></p>\r\n\r\n<p>Mẫu iPhone 8 Plus cũng có mức giảm 1 triệu đồng trong thời điểm sức mua đang sụt giảm khá mạnh ở Việt Nam. </p>\r\n\r\n<p>Thế hệ iPhone này dùng bộ vi xử lý A11 Bionic hoàn toàn mới, nhanh hơn 25% so với lõi xử lý hiệu suất trên A10 trước đây và 4 lõi hiệu suất thấp sẽ nhanh hơn 70% so với các lõi xử lý hiệu suất thấp của A10.</p>\r\n\r\n<p>Ngoài ra, Apple trang bị tính năng sạc không dây tương thích chuẩn Qi trên mẫu sản phẩm này, có khả năng sạc đầy 50% dung lượng pin chỉ với 30 phút.</p>\r\n\r\n<p><strong>Gia Hưng</strong></p>\r\n					', 1, '1565684635_home_store_megamenu_him.jpg'),
(6, 'Việt Nam thuộc nhóm đứng đầu Đông Nam Á về mức độ bị tấn công mã độc', 2, '		<p>(Dân trí) - Hãng bảo mật Trend Micro đánh giá Việt Nam vẫn thuộc nhóm đứng đầu Đông Nam Á về mức độ bị tấn công mã độc, dù chính phủ và các tập đoàn lớn đã quan tâm nhiều hơn đến lĩnh vực này trong một vài năm trở lại đây.</p>\r\n		\r\n					', '						<p><strong>Thực trạng bảo mật tại Việt Nam</strong></p>\r\n\r\n<p><img alt=\"Việt Nam thuộc nhóm đứng đầu Đông Nam Á về mức độ bị tấn công mã độc - 1\" src=\"https://icdn.dantri.com.vn/thumb_w/640/2019/06/04/trendmicro-1559643142426.jpg\" title=\"Việt Nam thuộc nhóm đứng đầu Đông Nam Á về mức độ bị tấn công mã độc - 1\" /></p>\r\n\r\n<p>Việt Nam đứng đầu trong khu vực về mức độ nguy hiểm của các cuộc tấn công mã độc.</p>\r\n\r\n<p>Theo thống kê của Trend Micro, trong Quý I/2019, Việt Nam đứng trong số những nước bị tấn công bởi nhiều mối đe dọa bảo mật hàng đầu của Đông Nam Á bao gồm mã độc tống tiền (ransomware), mã độc ngân hàng (banking malware), mã độc macro (macro malware), và mối đe dọa email.</p>\r\n\r\n<p>Cụ thể, đối với loại hình mã độc tống tiền và mã độc macro, Việt Nam đứng đầu trong khu vực về mức độ nguy hiểm của các cuộc tấn công. Về nguy cơ từ email, Việt Nam đứng thứ 2 - chỉ sau Indonesia, và mã độc ngân hàng đứng ở vị trí thứ 3.</p>\r\n\r\n<p>Trong đó, khối ngân hàng Việt Nam tiếp tục là mục tiêu tấn công của tội phạm công nghệ thông tin. Quỹ tiền tệ thế giới ước tính, thiệt hại tài chính do tấn công an ninh mạng gây ra trên toàn thế giới có thể lên đến 100 triệu đô la, tương đương 9% thu nhập ròng của ngân hàng.</p>\r\n\r\n<p>\"Không thể xem nhẹ tầm quan trọng của việc nắm bắt tình hình bảo mật hiện tại,\" Jaruwan Nok, Giám đốc Trend Micro, cho biết. \"Những mối đe dọa an ninh mạng ngày càng trở nên tinh vi hơn khiến các biện pháp bảo vệ truyền thông cũng không đủ để đảm bảo an toàn\".</p>\r\n\r\n<p><strong>97% mã độc tống tiền ở Việt Nam đến qua đường email</strong></p>\r\n\r\n<p><img alt=\"Việt Nam thuộc nhóm đứng đầu Đông Nam Á về mức độ bị tấn công mã độc - 2\" src=\"https://icdn.dantri.com.vn/thumb_w/640/2019/06/04/ong-dhanya-thakkar-pho-chu-tich-trend-micro-khu-vuc-amea-1559642942204.jpg\" title=\"Việt Nam thuộc nhóm đứng đầu Đông Nam Á về mức độ bị tấn công mã độc - 2\" /></p>\r\n\r\n<p>Ông Dhanya Thakkar - Phó Chủ tịch Trend Micro khu vực AMEA.</p>\r\n\r\n<p>Theo Trend Micro, email tiếp tục là lối vào phổ biến nhất của tội phạm an ninh mạng. Dạng nguy cơ này đang phát triển và ngày càng tinh vi, với 97% mã độc tống tiền hiện nay đến qua đường email.</p>\r\n\r\n<p>Tuy nhiên, may mắn là Trend Micro lại là một trong những chuyên gia tốt nhất thuộc lĩnh vực này trên thế giới, với việc được Forrester Research công nhận là “nhà tiên phong” về bảo mật email trong năm 2019.</p>\r\n\r\n<p>Đánh giá thực trạng bảo mật, an toàn thông tin ở Việt Nam, ông Jaruwan Nok cho rằng trong những năm gần đây tình hình đã được cải thiện hơn rất nhiều. Theo đó, chính phủ và các tập đoàn lớn đã bắt đầu quan tâm nhiều hơn tới lĩnh vực an ninh mạng. Tuy nhiên, vẫn còn rất nhiều vấn đề cần phải lưu tâm.</p>\r\n\r\n<p><strong>Nguyễn Nguyễn</strong></p>\r\n					', 0, '1565684619_home_store_about_us.jpg'),
(7, 'Huawei phản bác tin đồn cắt giảm sản xuất điện thoại thông minh', 2, '		<p>(Dân trí) - Huawei mới đây đã phủ nhận hoàn toàn các thông tin về việc cắt giảm dây chuyền sản xuất điện thoại tại Foxconn - đơn vị lắp ráp chính của công ty.</p>\r\n		\r\n					', '						<p>\"Huawei bác bỏ những tuyên bố này. Mức sản xuất toàn cầu của chúng tôi là bình thường, không có sự điều chỉnh đáng chú ý nào theo cả hai hướng\", một phát ngôn viên của công ty cho biết.</p>\r\n\r\n<p>Trước đó ít ngày, theo một báo cáo từ SCMP, nhà máy Foxconn được cho là đã ngừng một số dây chuyền sản xuất của điện thoại Huawei do hãng này cắt giảm bớt số lượng đơn đặt hàng đối với dòng điện thoại mới.</p>\r\n\r\n<p>Thông tin Huawei thu hẹp quy mô sản xuất khi đó được hiểu như một hệ quả tất yếu, sau khi công ty bị chính phủ Mỹ đưa vào \"danh sách đen\" - khiến nhiều đối tác cung cấp linh kiện và phần mềm ngưng cấp phép, hỗ trợ.</p>\r\n\r\n<p>Trong đó, thiệt hại lớn nhất nhất đối với điện thoại Huawei đó là Google ngừng hỗ trợ cập nhật hệ điều hành Android, và công ty ARM ngừng cung cấp kiến trúc chip để Huawei sản xuất vi xử lý Kirin.</p>\r\n\r\n<p><img alt=\"Huawei phản bác tin đồn cắt giảm sản xuất điện thoại thông minh - 2\" src=\"https://icdn.dantri.com.vn/thumb_w/640/2019/06/01/hw-1559354345843.jpg\" title=\"Huawei phản bác tin đồn cắt giảm sản xuất điện thoại thông minh - 2\" /></p>\r\n\r\n<p>Trước đó, Huawei đã duy trì vị trí số 2 toàn cầu về doanh số điện thoại thông minh trong quý đầu tiên của năm cùng đà tăng trưởng thần kỳ, đạt 50,3% so với cùng kỳ năm ngoái, với 59,1 triệu thiết bị, và chiến 19% thị phần. Sự tăng trưởng của Huawei thậm chí đe dọa luôn vị trí dẫn đầu của Samsung dù hãng này \"độc chiếm\" trong nhiều năm, với mức chênh lệch không quá lớn.</p>\r\n\r\n<p>Dẫu phản bác thông tin cắt giảm sản xuất điện thoại thông minh, song Huawei không thể phủ nhận những khó khăn đang phải đối mặt. Đặc biệt là niềm tin của người tiêu dùng quốc tế đối với điện thoại thông minh của Huawei đang bị sứt mẻ nghiêm trọng.</p>\r\n\r\n<p>Tại các diễn đàn rao vặt, trao đổi online, điện thoại Huawei vẫn tiếp tục được giao bán nhiều với mức giá giảm sâu. Hiện tại, một chiếc Huawei P30 Pro dù vừa qua sử dụng ít ngày, nhưng giá đã giảm xuống dưới 13 triệu đồng (giá bán tại cửa hàng là 23 triệu). Trong khi đó, dòng P20 Pro của năm ngoái đã giảm xuống dưới 6 triệu đồng.</p>\r\n\r\n<p>\"Khi vấn đề mới xuất hiện, vẫn còn quá sớm để nói liệu chúng tôi có thể đạt được mục tiêu hay không\", ông Zhao Ming, Chủ tịch một trong những chi nhánh của Huawei khẳng định niềm tin của mình trong bối cảnh khó khăn. \"Trở ngại chỉ khiến chúng tôi mạnh mẽ hơn, bất kể trong tâm lý hay hành động\".</p>\r\n\r\n<p><strong>Nguyễn Nguyễn</strong></p>\r\n					', 1, '1565684606_home_store_blog6.jpg'),
(8, 'Những món đồ công nghệ độc đáo cho nhà thông minh giá dưới 1 triệu', 2, '		<p>(Dân trí) - Đây là những món đồ công nghệ mới khá thú vị dành cho người dùng vừa được bán ra thị trường Việt với mức giá dưới 1 triệu đồng.</p>\r\n		\r\n					', '						<p><strong>Ninestars DZT-10-29S</strong></p>\r\n\r\n<p><em>Giá: 600 ngàn đồng</em> </p>\r\n\r\n<p><img alt=\"Những món đồ công nghệ độc đáo cho nhà thông minh giá dưới 1 triệu - 1\" src=\"https://icdn.dantri.com.vn/thumb_w/640/2019/06/04/nhung-mon-do-cong-nghe-doc-dao-cho-nha-thong-minh-gia-duoi-1-trieudocx-1559624761019.gif\" title=\"Những món đồ công nghệ độc đáo cho nhà thông minh giá dưới 1 triệu - 1\" /></p>\r\n\r\n<p>Đây là mẫu thùng rác thông minh sở hữu cảm biến hồng ngoại để có thể tự đóng hoặc mở khi phát hiện tay người dùng ở trong khoảng cách 30cm trở lại. Người dùng có thể điều chỉnh khoảng cách từ 6 đến 30 cm để ra lệnh cho nắp thùng rác mở và bỏ rác vào dễ dàng. </p>\r\n\r\n<p>Thùng rác này có dung tích tối đa 10 lít, góc mở tối đa 90 độ giúp bỏ rác vào dễ dàng mà không cần phải sử dụng tay chạm vào bề mặt nắp. </p>\r\n\r\n<p>Ngoài ra thùng rác này dùng pin 2A tiết kiệm năng lượng có thể sử dụng liên tục trong vòng 6 tháng với mỗi ngày mở nắp khoảng 20 lần. </p>\r\n\r\n<p><strong>Máy làm kem YOULG </strong></p>\r\n\r\n<p><em>Giá: 800 ngàn đồng </em></p>\r\n\r\n<p><img alt=\"Những món đồ công nghệ độc đáo cho nhà thông minh giá dưới 1 triệu - 2\" src=\"https://icdn.dantri.com.vn/thumb_w/640/2019/06/04/nhung-mon-do-cong-nghe-doc-dao-cho-nha-thong-minh-gia-duoi-1-trieudocx-1559624761609.jpeg\" title=\"Những món đồ công nghệ độc đáo cho nhà thông minh giá dưới 1 triệu - 2\" /></p>\r\n\r\n<p>Kem lạnh sẽ là món ăn khoái khẩu của nhiều người trong thời điểm nắng nóng kéo dài. Tuy nhiên, những viên kem ở các cửa hàng lại chứa chất phụ gia khiến nhiều người không tự tin sử dụng. Vì vậy, một thiết bị làm kem nhỏ gọn sẽ là món hàng đáng giá giúp người dùng có thể làm những viên kem an toàn cho gia đình. </p>\r\n\r\n<p>Máy làm kem YOULG có thiết kế khá nhỏ gọn và nặng chỉ 2,3 kg. Hãng này tích hợp dung tích chứa 800ml, công suất 12W để có thể làm kem cho 2-3 người ăn. Việc của người dùng chỉ là chuẩn bị các nguyên liệu làm kem và máy sẽ tự động làm ra kem trong vòng  24 tiếng. </p>\r\n\r\n<p><strong>Pinlo PL – B007W2W</strong></p>\r\n\r\n<p><em>Giá: 650 ngàn đồng</em></p>\r\n\r\n<p><img alt=\"Những món đồ công nghệ độc đáo cho nhà thông minh giá dưới 1 triệu - 3\" src=\"https://icdn.dantri.com.vn/thumb_w/640/2019/06/04/nhung-mon-do-cong-nghe-doc-dao-cho-nha-thong-minh-gia-duoi-1-trieudocx-1559624761725.jpeg\" title=\"Những món đồ công nghệ độc đáo cho nhà thông minh giá dưới 1 triệu - 3\" /></p>\r\n\r\n<p>Một chiếc máy xay sinh tố cầm tay có thể sử dụng bất cứ lúc nào sẽ là món hàng thú vị cho người dùng ở mọi lúc mọi nơi. Thiết kế của mẫu Pinlo PL – B007W2W khá nhỏ gọn, dung tích chứa của bình là 350ml, có thể làm ra một ly sinh tố ngon lành cho một người. </p>\r\n\r\n<p>Mẫu máy sinh tố này dùng pin tích hợp dung lượng 2.000 mAh có thể say liên tục trên 20 lần với công suất cực đại đạt 70W. </p>\r\n\r\n<p>Ngoài ra, nó có thêm nắp đậy cho bình chứa sau khi say, giúp bảo quản và sử dụng dễ dàng mà không cần mang theo một chiếc ly đi kèm. </p>\r\n\r\n<p><strong>Mini M2 </strong></p>\r\n\r\n<p><em>Giá: 900 ngàn đồng</em></p>\r\n\r\n<p><img alt=\"Những món đồ công nghệ độc đáo cho nhà thông minh giá dưới 1 triệu - 4\" src=\"https://icdn.dantri.com.vn/thumb_w/640/2019/06/04/nhung-mon-do-cong-nghe-doc-dao-cho-nha-thong-minh-gia-duoi-1-trieudocx-1559624761863.jpeg\" title=\"Những món đồ công nghệ độc đáo cho nhà thông minh giá dưới 1 triệu - 4\" /></p>\r\n\r\n<p>Đây là mẫu máy massage đầu khá gọn nhẹ, giúp người dùng có thể mang đi bất cứ lúc nào. Mẫu máy này tích hợp 4 bánh xoay có 28 đầu massage và 84 điểm con tiếp xúc, giúp massage giảm đâu, giảm stress cho người dùng. </p>\r\n\r\n<p>Thiết bị này được hoàn thiện bởi silicon có độ đàn hồi tốt và không làm đau người dùng khi tiếp xúc. </p>\r\n\r\n<p>Ngoài ra, nó có nguồn pin 1.200 mAh, giúp máy hoạt động lâu sau mỗi lần sạc. </p>\r\n\r\n<p><strong>Gia Minh</strong></p>\r\n					', 0, '1565684596_home_store_blog5.jpg'),
(9, 'Ai đã chi hơn 4,5 triệu USD để ăn trưa cùng tỷ phú Warren Buffett?', 1, '		<p>(Dân trí) - Một doanh nhân trẻ tuổi người Trung Quốc, người được mệnh danh “tiểu Jack Ma” đã chi ra số tiền 4.567.888USD để có được bữa ăn trưa riêng cùng với tỷ phú Warren Buffett.</p>\r\n		\r\n					', '						<p>Cuộc đấu giá thường niên một buổi ăn trưa riêng cùng với tỷ phú Warren Buffett đã kết thúc và người giành chiến thắng năm nay đã chi ra số tiền 4.567.888USD để có được bữa ăn cùng vị tỷ phú nổi tiếng này. Con số này đã vượt qua mức giá kỷ lục là 3.456.789 USD mà phiên đấu giá từng đạt được trong năm 2012 và 2016.</p>\r\n\r\n<p>Khác với nhiều năm trước khi tên của người chiến thắng phiên đấu giá thường được giấu kín, danh tính của người chiến thắng năm nay được xác định là Justin Sun.</p>\r\n\r\n<p>Justin (Yuchen) Sun, sinh năm 1990, là một doanh nhân người Trung Quốc và là nhà sáng lập công ty tiền ảo TRON. Justin Sun được nhiều người đặt cho biệt danh “tiểu Jack Ma”, theo tên nhà sáng lập hãng thương mại điện tử Aliaba và là người giàu nhất Trung Quốc. Hiện tại TRON đang là đồng tiền ảo có giá trị lớn thứ 10 thế giới với vốn hóa 2,56 tỷ USD.</p>\r\n\r\n<p><img alt=\"Ai đã chi hơn 4,5 triệu USD để ăn trưa cùng tỷ phú Warren Buffett? - 1\" src=\"https://icdn.dantri.com.vn/thumb_w/640/2019/06/04/justin-sun-1-1559636894450.jpg\" title=\"Ai đã chi hơn 4,5 triệu USD để ăn trưa cùng tỷ phú Warren Buffett? - 1\" /></p>\r\n\r\n<p>Justin Sun được nhiều người đặc biệt danh “tiểu Jack Ma”, đã chi ra hơn 4,5 triệu USD để ăn trưa cùng Warren Buffett</p>\r\n\r\n<p>Tỷ phú Warren Buffettt, Giám đốc điều hành của Berkshire Hathaway, thực hiện việc đấu giá một buổi ăn trưa với mình mỗi năm một lần để quyên tiền cho Quỹ Glide, quỹ giúp đỡ người vô gia cư ở San Francisco. Nhà đầu tư đại tài Buffettt đã quyên góp được gần 30 triệu USD cho quỹ từ thiện này trong những năm qua.</p>\r\n\r\n<p>Ăn trưa cùng Warren Buffett, nhà đầu tư tài ba và là người giàu thứ tư trên thế giới có thể là bữa ăn mang lại cơ hội để tìm hiểu về những kinh nghiệm giao dịch, đầu tư và những lời khuyên đáng giá từ chính Buffett. Do vậy, nhiều người, đa phần là các doanh nhân, đã không ngần ngại chi ra những khoản tiền khổng lồ để giành được quyền ăn trưa cùng Warren Buffett.</p>\r\n\r\n<p>Người chiến thắng trong cuộc đấu giá có thể mời 7 người bạn của họ được ăn trưa với nhà đầu tư Buffettt tại nhà hàng Smith & Wollensky ở New York. Chia sẻ trên trang cá nhân của mình, Justin Sun cho biết dự định sẽ mời thêm các nhân vật nổi tiếng khác trong giới tiền ảo để cùng tham gia bữa ăn trưa với Buffett.</p>\r\n\r\n<p>Năm nay 88 tuổi và nắm giữ khối tài sản 89,9 tỷ USD trong tay. Warren Buffett là một trong số các nhà từ thiện hào phóng nhất thế giới khi đã ủng hộ hơn 35 tỷ USD cho các hoạt động từ thiện và tính riêng trong năm 2018, ông đã chi ra 3,4 tỷ USD để ủng hộ cho các tổ chức từ thiện. Buffett cùng với một số tỷ phú khác như Bill Gates, Mark Zuckerberbg... cũng đã cùng ký vào một bản cam kết sẽ chi ra 99% tài sản của mình cho mục đích từ thiện.</p>\r\n\r\n<p><strong>T.Thủy</strong></p>\r\n					', 1, '1565684584_home_store_blog4.jpg'),
(10, 'Oppo và Xiaomi “khoe” smartphone đầu tiên trên thế giới có camera trước ẩn trong màn hình', 1, '		<p>(Dân trí) - Smartphone màn hình không viền là xu thế thiết kế chung trong những năm gần đây, và các hãng smartphone có những giải pháp khác nhau để giấu đi camera trước nhằm thu gọn tối đa viền màn hình. Mới đây, Oppo và Xiaomi vừa hé lộ một giải pháp mới, đó là ẩn luôn camera trước vào bên trong màn hình.</p>\r\n		\r\n					', '						<p>Để trang bị thiết kế không viền màn hình lên sản phẩm của mình, các hãng smartphone đã đưa ra nhiều giải pháp khác nhau, bao gồm màn hình “tai thỏ” để chừa lại một phần “tai thỏ” nhằm bố trí camera trước, hay màn hình “giọt nước” là một biến thể của màn hình “tai thỏ” hay gần đây là kiểu thiết kế “thò thụt” với camera trước được thụt vào bên trong máy và chỉ hiện ra khi cần dùng đến...</p>\r\n\r\n<p>Một số hãng khác như Samsung lại sử dụng giải pháp màn hình “đục lỗ”, với camera trước được bố trí ngay bên trong màn hình, tạo thành một lỗ tròn ngay trên màn hình và khi màn hình bật sáng, lỗ tròn của camera trước sẽ giống như một lỗ thủng trên màn hình, điều này cũng ảnh hưởng ít nhiều đến tính thẩm mỹ của sản phẩm.</p>\r\n\r\n<p>Mới đây, Oppo lại vừa đưa ra một giải pháp mới để ẩn đi camera trước trên smartphone của mình, đó là giấu camera ngay bên trong màn hình của sản phẩm.</p>\r\n\r\n<p>Oppo đã cho đăng tải một đoạn clip ngắn trên trang Twitter của mình, cho thấy một chiếc smartphone với thiết kế không viền màn hình, tuy nhiên điều đặc biệt là khi kích hoạt ứng dụng camera trên sản phẩm, lập tức camera trước sẽ hiện ra ở trên màn hình để sử dụng.</p>\r\n\r\n<p>“Với những ai đang tìm kiếm chiếc smartphone không “tai thỏ”, trải nghiệm màn hình hoàn hảo, hãy chuẩn bị kinh ngạc. Bạn đang chiêm ngưỡng công nghệ camera selfie bên dưới màn hình đầu tiên của chúng tôi”, Oppo giới thiệu về đoạn video được đăng tải lên Twitter.</p>\r\n\r\n<p>Volume 90%</p>\r\n\r\n<p>Phát</p>\r\n\r\n<p> </p>\r\n\r\n<p> </p>\r\n\r\n<p>Oppo hé lộ về công nghệ giấu camera trước vào bên trong màn hình smartphone</p>\r\n\r\n<p>Trong khi đó cũng như cùng thời điểm, một hãng smartphone Trung Quốc khác là Xiaomi cũng đã cho đăng tải một đoạn video ngắn trên trang Twitter chính thức của mình. Trong đoạn video này, Xiaomi đã cho thấy 2 chiếc smartphone, trong đó chiếc smartphone bên phải có thiết kế màn hình “giọt nước” để bố trí camera trước, trong khi đó chiếc smartphone bên trái có thiết kế hoàn toàn không viền.</p>\r\n\r\n<p>Khi cô gái trong đoạn clip kích hoạt ứng dụng camera để sử dụng camera trước, người dùng sẽ không thể nhận thấy được vị trí camera trước được xuất hiện trên chiếc smartphone bên trái này, điều này cho thấy Xiaomi đã ẩn giấu camera trước vào bên trong màn hình của sản phẩm.</p>\r\n\r\n<p>“Bạn muốn lén nhìn một chút vào tương lai? Xin giới thiệu đến bạn công nghệ camera bên dưới màn hình”, Xiaomi tuyên bố cùng đoạn clip được đăng tải lên trang Twitter.</p>\r\n\r\n<p>Volume 90%</p>\r\n\r\n<p>Phát</p>\r\n\r\n<p> </p>\r\n\r\n<p> </p>\r\n\r\n<p>Xiaomi giới thiệu smartphone với camera trước giấu bên trong màn hình</p>\r\n\r\n<p>Việc giấu camera trước vào bên trong màn hình cũng giống như kiểu thiết kế màn hình “đục lỗ”, khi camera trước được đặt trên màn hình, tuy nhiên công nghệ của Oppo và Xiaomi đã khắc phục được nhược điểm của màn hình “đục lỗ” đó là nội dung vẫn sẽ hiển thị bình thường trên ở vị trí đặt camera trước trên màn hình, thay vì chỉ hiển thị một lỗ đen như kiểu màn hình “đục lỗ”. Điều này sẽ khiến nhiều người không thể nhận ra được vị trí của camera trước đang giấu trên màn hình và sẽ chỉ biết được khi kích hoạt ứng dụng camera. Điều này sẽ giúp tăng tính thẩm mỹ trong thiết kế sản phẩm.</p>\r\n\r\n<p>Hiện vẫn chưa rõ thời điểm Xiaomi và Oppo áp dụng công nghệ giấu camera vào bên trong màn hình lên sản phẩm thực tế, nhưng nhiều khả năng những chiếc smartphone được trang bị công nghệ này sẽ sớm được xuất hiện trong tương lai.</p>\r\n\r\n<p><strong>T.Thủy</strong></p>\r\n					', 0, '1565684567_home_store_blog3.jpg'),
(11, 'Những tính năng mới nổi bật trên nền tảng di động iOS 13 vừa trình làng', 1, '		<p>(Dân trí) - Vẫn như mọi năm, nền tảng di động iOS tiếp tục là “nhân vật chính” tại Hội nghị dành cho các nhà phát triển (WWDC), sự kiện quan trọng nhất trong năm của Apple. Năm nay, phiên bản iOS 13 được trình làng với hàng loạt tính năng và cải tiến, đặc biệt là cải thiện hiệu suất trên thiết bị.</p>\r\n		\r\n					', '						<p>Apple đã chính thức trình làng phiên bản mới nhất của nền tảng iOS, phiên bản 13, tại Hội nghị WWDC 2019 đang diễn ra. Đúng như dự đoán của giới công nghệ, Apple đã có nhiều cải tiến về hiệu suất trên phiên bản này để giúp các thiết bị di động hoạt động mượt mà hơn.</p>\r\n\r\n<p>Dưới đây là một vài tính năng mới và nổi bật nhất được Apple trang bị cho iOS 13:</p>\r\n\r\n<p><strong>Tập trung cải thiện hiệu suất</strong></p>\r\n\r\n<p>Phiên bản iOS 12 được giới công nghệ đánh giá cao về độ ổn định và hiệu suất hoạt động, và với iOS 13 vừa trình làng, Apple vẫn tiếp tục cải thiện để nâng cao hiệu suất và tốc độ xử lý của nền tảng di động iOS.</p>\r\n\r\n<p>Apple cho biết iOS 13 sẽ được cải thiện tốc độ download và nâng cấp ứng dụng trên nền tảng, khi các ứng dụng sẽ được thu nhỏ kích cỡ xuống còn 50% khi tải về và thu nhỏ xuống còn 60% khi nâng cấp lên phiên bản mới so với các nền tảng iOS trước đây.</p>\r\n\r\n<p>Đặc biệt, với iOS 13, tốc độ kích hoạt các ứng dụng sẽ được tăng lên gấp 2 lần và mở khóa màn hình bằng Face ID sẽ nhanh hơn 30% so với iOS 12.</p>\r\n\r\n<p><strong>Giao diện tối màu (Dark Mode)</strong></p>\r\n\r\n<p>Volume 90%</p>\r\n\r\n<p>Phát</p>\r\n\r\n<p> </p>\r\n\r\n<p> </p>\r\n\r\n<p>Giới thiệu về giao diện Dark Mode trên iOS 13</p>\r\n\r\n<p>Không chỉ cải thiện hiệu suất, Apple còn thay đổi lại giao diện trên iOS 13 bằng cách giới thiệu giao diện tối màu.</p>\r\n\r\n<p>Toàn bộ nền tảng iOS 13 và tất cả các ứng dụng được Apple tích hợp sẵn trong đó đều hỗ trợ giao diện tối màu, cho phép người dùng chuyển giao diện của nền tảng iOS 13 và các ứng dụng sang màu đen, điều này sẽ giúp bảo vệ mắt người dùng khi sử dụng thiết bị di động trong điều kiện thiếu sáng và đặc biệt sẽ giúp tiết kiệm pin hơn khi sử dụng do thiết bị sẽ tốn ít năng lượng hơn để hiển thị giao diện màu tối.</p>\r\n\r\n<p><strong>Nâng cấp các ứng dụng sẵn có trên iOS 13</strong></p>\r\n\r\n<p>Apple cũng đã nâng cấp tính năng cho các ứng dụng sẵn có trên iOS 13, bao gồm iMessage, Mail, Notes, Reminders...</p>\r\n\r\n<p>Chẳng hạn với ứng dụng iMessage, người dùng có thể chia sẻ tên và hình ảnh đại diện của mình cho những người dùng iMessage khác hoặc có thể thiết lập để hiển thị hình ảnh đại diện được tạo ra bởi ứng dụng Memoji.</p>\r\n\r\n<p>Ứng dụng Mail trên iOS 13 sẽ hỗ trợ định dạng văn bản giàu tính chất (RTF) cho phép người dùng có thể soạn thảo mail với font chữ hoặc màu sắc tùy chọn để giúp biểu đạt nội dung email được đa dạng hơn.</p>\r\n\r\n<p>Ứng dụng Reminders cũng được thiết kế lại giao diện cùng hàng loạt tính năng mới, trong số đó có tùy chọn cho phép tự động phát hiện thời gian và địa điểm để đưa ra các nhắc nhở cho người dùng. Ngoài ra ứng dụng còn trang bị tính năng để quản lý các lời nhắc nhở tốt hơn.</p>\r\n\r\n<p><strong>Nâng cấp ứng dụng bản đồ Apple Maps</strong></p>\r\n\r\n<p><img alt=\"Những tính năng mới nổi bật trên nền tảng di động iOS 13 vừa trình làng - 1\" src=\"https://icdn.dantri.com.vn/thumb_w/640/2019/06/04/apple-maps-1559631681227.jpg\" title=\"Những tính năng mới nổi bật trên nền tảng di động iOS 13 vừa trình làng - 1\" /></p>\r\n\r\n<p>Với iOS 13, Apple đã tiếp tục cải thiện tính năng của ứng dụng bản đồ Apple Maps, trong đó đã hiển thị bản đồ chi tiết hơn giúp hiển thị chính xác các địa chỉ, dữ liệu về người đi bộ...</p>\r\n\r\n<p>Bản đồ Apple Maps tên iOS 13 cũng trang bị tính năng cho phép xem đường dạng 3D tương tự như tính năng Street View của Google, giúp người dùng có thể xem thông tin về các tuyến đường, các tòa nhà, địa chỉ ở các tuyến đường mà mình quan tâm một cách dễ dàng và chính xác hơn.</p>\r\n\r\n<p><strong>Cải thiện ứng dụng Photos</strong></p>\r\n\r\n<p>Với iOS 12 ra mắt vào năm ngoái, Apple đã trang bị thêm các tính năng mới cho ứng dụng Photos và giờ đây hãng tiếp tục thực hiện điều này với phiên bản iOS 13.</p>\r\n\r\n<p>Trên giao diện chính của ứng dụng Photos sẽ cho phép người dùng xem toàn bộ ảnh của họ hoặc xem ảnh theo ngày, tháng, năm.</p>\r\n\r\n<p>Chẳng hạn khi chọn xem ảnh theo “Năm”, ứng dụng Photos sẽ hiển thị các hình ảnh đại diện khác nhau cho từng năm, tùy thuộc vào bối cảnh của người dùng. Ví dụ nếu bạn xem ảnh vào ngày 4/6 theo chủ đề từng năm, là ngày sinh nhật của một người trong gia đình, ứng dụng Photos sẽ hiển thị những hình ảnh chụp vào ngày đó theo từng năm, giúp người dùng có thể thưởng thức những bức ảnh kỷ niệm mà mình đã chụp trong dịp đặc biệt này của từng năm.</p>\r\n\r\n<p>Ứng dụng Photos cũng trang bị các tính năng chỉnh sửa ảnh và video mới, như cân bằng trắng, khử nhiễu, tăng độ nét cho hình ảnh... cho phép người dùng có thể chỉnh sửa và tăng chất lượng ảnh hoặc video của mình.</p>\r\n\r\n<p><strong>Hỗ trợ nhập văn bản bằng cách vuốt trên bàn phím</strong></p>\r\n\r\n<p><img alt=\"Những tính năng mới nổi bật trên nền tảng di động iOS 13 vừa trình làng - 2\" src=\"https://icdn.dantri.com.vn/thumb_w/640/2019/06/04/ban-phim-i-os-1559631715815.jpg\" title=\"Những tính năng mới nổi bật trên nền tảng di động iOS 13 vừa trình làng - 2\" /></p>\r\n\r\n<p>Bàn phím mặc định trên iOS 13 sẽ được Apple trang bị thêm tính năng mới với tên gọi Quick Path, cho phép người dùng vuốt các chữ cái trên bàn phím để nhập văn bản, thay vì phải gõ từng kỹ tự như trước đây.</p>\r\n\r\n<p>Đây là tính năng từng xuất hiện cách đây khá lâu trên nền tảng Android tuy nhiên giờ đây mới lần đầu tiên xuất hiện trên bàn phím của iOS.</p>\r\n\r\n<p><strong>Ngày ra mắt và các thiết bị được hỗ trợ</strong></p>\r\n\r\n<p>Bản thử nghiệm đầu tiên của iOS 13 sẽ được phát hành đến các nhà phát triển ứng dụng ngay từ ngày hôm nay. Vào tháng 7 tới đây, Apple sẽ bắt đầu phát hành bản thử nghiệm beta đến rộng rãi người dùng và phiên bản iOS 13 sẽ được phát hành chính thức vào mùa thu năm nay, thời điểm các phiên bản iPhone mới chính thức được trình làng.</p>\r\n\r\n<p>Với iOS 13, Apple sẽ chính thức ngừng hỗ trợ iPhone 5S và iPhone 6, nghĩa là người dùng đang sử dụng iPhone 6S trở lên đều có thể nâng cấp lên iOS 13 mới nhất.</p>\r\n\r\n<p>Trong khi đó người dùng iPad, từ phiên bản iPad Air 2 trở về sau, tất cả các phiên bản của iPad Pro và iPad mini 4 trở về sau cũng như iPad 5 trở về sau sẽ được nâng cấp lên nền tảng iPadOS mới được Apple trình làng, thay vì nâng cấp lên iOS 13.</p>\r\n\r\n<p><strong>T.Thủy</strong></p>\r\n					', 0, '1565684556_home_store_blog2.jpg'),
(12, 'Áo đẹp cho khách hàng lựa chọn thỏa thích', 1, '		<p>(Dân trí) - Những thế hệ iPhone mới của Apple đang chứng kiến sức mua sụt giảm mạnh ở Việt Nam từ đầu năm đến nay. Nhiều hệ thống phải điều chỉnh giá liên tục để hòng hút khách</p>\r\n		\r\n					', '						<p>Hầu như các hệ thống bán lẻ trong nước đều cho biết, sức mua các thế hệ iPhone mới đều đang sụt giảm mạnh từ đầu năm đến nay. Đại diện từ các hệ thống bán lẻ lớn thừa nhận việc sụt giảm mạnh đến từ giá bán sản phẩm cao, không quá khác biệt với các thế hệ trước nên kén khách. </p>\r\n\r\n<p>Đại diện một hệ thống chuyên bán iPhone tại quận 1, TPHCM cũng cho rằng, sức mua giảm bởi người thực sự có nhu cầu với iPhone XS Max, XS hay XR đều đã mua trước đó, tức thời điểm từ trước tết nguyên đán trở về trước. \"Chỉ tính riêng tháng 5, doanh số iPhone XS Max đã giảm sâu đến 45% so với tháng trước đó. Chưa kể các mẫu XS hay XR chẳng có người hỏi mua\", đại diện nhà bán lẻ này chia sẻ. </p>\r\n\r\n<p>Điều này phản ánh đúng thực tế khi số liệu mới từ GFK cũng cho thấy, thị phần Apple ở Việt Nam đang tiếp tục bị đe dọa, từ 9,4% thị phần của năm 2018 đã tụt xuống còn 7,5% thị phần của năm 2019 (tính đến hết tháng 4/2019). </p>\r\n\r\n<p><img alt=\"iPhone XS series chính hãng tiếp tục giảm giá trước sức mua kém - 1\" src=\"https://icdn.dantri.com.vn/thumb_w/640/2019/06/04/vina-phone-khuyen-cao-khach-hang-canh-giac-voi-dau-so-ladocx-1559629232774.jpeg\" title=\"iPhone XS series chính hãng tiếp tục giảm giá trước sức mua kém - 1\" /></p>\r\n\r\n<p>iPhone XS Max</p>\r\n\r\n<p>Theo đại diện một nhà bán lẻ khác ở quận 10, TPHCM, giá bán các thế hệ iPhone mới của Apple đã chạm đáy nhưng chẳng có người mua nhiều. Vị này cho rằng, dù giảm giá nhưng giá bán của máy còn khá cao so với mặt bằng chung hiện nay. Những sản phẩm bán chạy cho Apple ở Việt Nam đang nằm ở các sản phẩm iPhone X trở lại. \"Hiện nay khách mua iPhone hầu như chỉ mua iPhone X, iPhone 8 Plus, iPhone 7 Plus... rất ít người mua iPhone XS Max\", vị này cho biết. </p>\r\n\r\n<p>Theo báo cáo của GFK, phân khúc mà Apple đang nắm giữ tốt nhất nằm ở ngưỡng 10-15 triệu đồng. Tính đến 4/2019, Apple vẫn đang nắm 73,6% thị phần của phân khúc 10-15 triệu đồng. Các sản phẩm bán chạy nhất của hãng hiện là iPhone 7 Plus (chiếm đến 50,4%) trong tổng số iPhone bán tốt ở phân khúc 10-15 triệu đồng. </p>\r\n\r\n<p>Một lý do khác khiến cho thế hệ iPhone mới cũng đang ế ẩm tại Việt Nam và liên tục giảm sâu là việc người dùng không còn mặn mà trong chi tiêu mua smartphone cao cấp. Đại diện hệ thống ở quận 10 cho biết, người tiêu dùng Việt Nam hiện đang có xu hướng cắt giảm chi tiêu khá nhiều từ đầu năm đến nay. Họ không chi quá 20 triệu đồng để mua smartphone khiến cho phân khúc cao cấp dần ế ẩm. Chưa kể, xu hướng mua sắm hiện nay của người dùng Việt đang dần hướng đến các sản phẩm đã qua sử dụng với mức giá mềm hơn rất nhiều và khả năng thanh khoản cao. Lấy ví dụ, vị này cho biết, một mẫu iPhone X đã qua sử dụng vào khoảng 15 triệu đồng. Sau khi sử dụng khoảng 2-3 tháng muốn nâng đời bán lại thì lỗ vào khoảng 1-1,5 triệu đồng. Nếu mua một iPhone XS Max mới giá hàng xách tay 24,6 triệu đồng thì chỉ cần một tháng sau giá bán lại lỗ ít nhất 3-4 triệu đồng. Vì vậy, nhiều người lựa chọn phương án mua hàng đã qua sử dụng để tiết kiệm tiền và có thể nâng cấp mới ít tốn kém hơn khi có nhu cầu. </p>\r\n\r\n<p>Hiện tại các hệ thống đều đang giảm giá sâu cho các sản phẩm iPhone mới. Điển hình iPhone XR 64GB chính hãng đang giảm thêm 2 triệu đồng, về mức 17,9 triệu đồng. iPhone XS Max giảm đồng loạt 1 triệu đồng cho tất cả các phiên bản, về mức 28,9 triệu đồng cho phiên bản 64 GB... </p>\r\n\r\n<p>Ở thị trường xách tay, giá bán cũng đã giảm sâu, một phiên bản XS Max có giá 24,6 triệu đồng cho bản 64 GB. Riêng phiên bản màu xám chỉ ở mức 23,7 triệu đồng. </p>\r\n\r\n<p>Các nhà bán lẻ nhận định, thị trường iPhone mới của Apple sẽ không có sự thay đổi trong thời gian tới. Hầu như người dùng đều lựa chọn phiên bản cũ hơn, chờ đợi các sản phẩm mới của Apple trong tháng 9 tới đây. </p>\r\n\r\n<p><strong>Gia Hưng</strong></p>\r\n					', 0, '1565684538_home_store_blog1.jpg'),
(14, 'Áo đẹp', 5, 'Lorem Lorem	Lorem	Lorem	Lorem	Lorem	Lorem	Lorem	Lorem	Lorem	Lorem	Lorem	Lorem	Lorem	Lorem	Lorem	Lorem	Lorem	Lorem		\r\n					', 'aaaaaaaaaaaaaaaaaaaaaLorLorem	Lorem	Lorem	Lorem	Lorem	Lorem	Lorem	Lorem	Lorem	Lorem	Lorem	LormLorem												', 1, '1565684762_home_store_product7-400x500.jpg'),
(15, 'Quần xinh', 2, '				\r\n			aaaaaaaaaaaaaaaaaaaa		', '			aaaaaaaaaaaaaaaaaaaaaaaaaaaaaaa								', 1, '1565684840_home_store_product16b-400x500.jpg'),
(16, 'Váy ngắn', 3, 'aaaaaaaaaaaaaaaaaaaaaaaaaaaaaaaaaa\r\n					', 'aaaaaaaaaaaaaaaaaaaaaaaaaaaaaaaaaaaaaaaaaaa									', 1, '1565684877_home_store_product10-400x500.jpg');

-- --------------------------------------------------------

--
-- Cấu trúc bảng cho bảng `tbl_product`
--

CREATE TABLE `tbl_product` (
  `id` int(11) NOT NULL,
  `name` varchar(200) NOT NULL,
  `category_id` int(11) NOT NULL,
  `description` varchar(200) NOT NULL,
  `hotproduct` int(11) NOT NULL,
  `img` varchar(500) NOT NULL,
  `quantity` int(11) NOT NULL,
  `price` float NOT NULL
) ENGINE=InnoDB DEFAULT CHARSET=utf8;

--
-- Đang đổ dữ liệu cho bảng `tbl_product`
--

INSERT INTO `tbl_product` (`id`, `name`, `category_id`, `description`, `hotproduct`, `img`, `quantity`, `price`) VALUES
(1, 'Áo sơ mi', 1, 'Áo aaaaaaaaaaaaaaaaaaaaaaaaaaaaaaaaaaaaaaaaaaaaaaaaaaaaaaaaa			\r\n					', 1, '1565843940_1565802104_home_store_product1.jpg', 0, 200000),
(2, 'Áo sơ mi', 1, 'Áo aaaaaaaaaaaaaaaaaaaaaaaaaaaaaaaaaaaaaaaaaaaaaaaaaaaaaaaaa			\r\n					', 1, '1565843940_1565802104_home_store_product1.jpg', 0, 200000),
(3, 'Áo sơ mi', 1, 'Áo aaaaaaaaaaaaaaaaaaaaaaaaaaaaaaaaaaaaaaaaaaaaaaaaaaaaaaaaa			\r\n					', 1, '1565843940_1565802104_home_store_product1.jpg', 0, 200000),
(4, 'Áo sơ mi', 1, 'Áo aaaaaaaaaaaaaaaaaaaaaaaaaaaaaaaaaaaaaaaaaaaaaaaaaaaaaaaaa			\r\n					', 1, '1565843940_1565802104_home_store_product1.jpg', 0, 200000),
(5, 'Áo sơ mi', 1, 'Áo aaaaaaaaaaaaaaaaaaaaaaaaaaaaaaaaaaaaaaaaaaaaaaaaaaaaaaaaa			\r\n					', 1, '1565843940_1565802104_home_store_product1.jpg', 0, 200000),
(6, 'Áo đẹp', 6, 'aaaaaaaaaaaaaaa', 1, '1565851488_home_store_megamenu_him.jpg', 10, 20000),
(7, 'Áo sơ mi', 1, 'Áo sơ mi						\r\n					', 1, '1565852822_1565851488_home_store_megamenu_him.jpg', 3, 50000),
(8, 'Quần xinh', 2, 'Quần xinh							\r\n					', 0, '1565863576_home_store_product16b-400x500.jpg', 12, 200000);

-- --------------------------------------------------------

--
-- Cấu trúc bảng cho bảng `tbl_user`
--

CREATE TABLE `tbl_user` (
  `id` int(11) NOT NULL,
  `email` varchar(500) NOT NULL,
  `password` varchar(500) NOT NULL,
  `fullname` varchar(500) NOT NULL
) ENGINE=InnoDB DEFAULT CHARSET=utf8;

--
-- Đang đổ dữ liệu cho bảng `tbl_user`
--

INSERT INTO `tbl_user` (`id`, `email`, `password`, `fullname`) VALUES
(1, 'admin1@mail.com', '202cb962ac59075b964b07152d234b70', 'Nguyễn Văn A'),
(2, 'admin2@mail.com', '202cb962ac59075b964b07152d234b70', 'Nguyễn Văn B'),
(3, 'admin3@mail.com', '202cb962ac59075b964b07152d234b70', 'Nguyễn Văn C'),
(4, 'admin4@mail.com', '202cb962ac59075b964b07152d234b70', 'Nguyễn Văn D'),
(5, 'admin5@gmail.com', '202cb962ac59075b964b07152d234b70', 'Nguyễn Văn E'),
(6, 'admin6@gmail.com', '123', 'Phạm Văn Ga');

--
-- Chỉ mục cho các bảng đã đổ
--

--
-- Chỉ mục cho bảng `tbl_category`
--
ALTER TABLE `tbl_category`
  ADD PRIMARY KEY (`category_id`);

--
-- Chỉ mục cho bảng `tbl_news`
--
ALTER TABLE `tbl_news`
  ADD PRIMARY KEY (`id`);

--
-- Chỉ mục cho bảng `tbl_product`
--
ALTER TABLE `tbl_product`
  ADD PRIMARY KEY (`id`);

--
-- Chỉ mục cho bảng `tbl_user`
--
ALTER TABLE `tbl_user`
  ADD PRIMARY KEY (`id`);

--
-- AUTO_INCREMENT cho các bảng đã đổ
--

--
-- AUTO_INCREMENT cho bảng `tbl_category`
--
ALTER TABLE `tbl_category`
  MODIFY `category_id` int(11) NOT NULL AUTO_INCREMENT, AUTO_INCREMENT=7;

--
-- AUTO_INCREMENT cho bảng `tbl_news`
--
ALTER TABLE `tbl_news`
  MODIFY `id` int(11) NOT NULL AUTO_INCREMENT, AUTO_INCREMENT=17;

--
-- AUTO_INCREMENT cho bảng `tbl_product`
--
ALTER TABLE `tbl_product`
  MODIFY `id` int(11) NOT NULL AUTO_INCREMENT, AUTO_INCREMENT=9;

--
-- AUTO_INCREMENT cho bảng `tbl_user`
--
ALTER TABLE `tbl_user`
  MODIFY `id` int(11) NOT NULL AUTO_INCREMENT, AUTO_INCREMENT=8;
COMMIT;

/*!40101 SET CHARACTER_SET_CLIENT=@OLD_CHARACTER_SET_CLIENT */;
/*!40101 SET CHARACTER_SET_RESULTS=@OLD_CHARACTER_SET_RESULTS */;
/*!40101 SET COLLATION_CONNECTION=@OLD_COLLATION_CONNECTION */;
